/app/design/adminhtml/default/default/layout/lengow.xml|b2276f56a1c5ed8fe4c989a0770c34b2
/app/design/frontend/base/default/layout/lengow.xml|3d4469660888812d4f5d18c57e256a9d
/app/etc/modules/Lengow_Connector.xml|25c38a521ca21e42fab671340f2e4cee
/app/code/community/Lengow/Connector/Block/Adminhtml/Log.php|33a00453473dd17d601ccefa7cfe9769
/app/code/community/Lengow/Connector/Block/Adminhtml/Order/Grid.php|f46549aebbb1efe9984813c1138d7ab8
/app/code/community/Lengow/Connector/Block/Adminhtml/Order/Renderer/Ordersku.php|768cb3cb78353b3c61ec4e40b9df225e
/app/code/community/Lengow/Connector/Block/Adminhtml/Order/Renderer/State.php|397b90c1636249d21a782a3b1324be92
/app/code/community/Lengow/Connector/Block/Adminhtml/Order/Renderer/Country.php|1fea7f2bcad68eb7444a974ee8a23901
/app/code/community/Lengow/Connector/Block/Adminhtml/Order/Renderer/Action.php|32a47f65ce47d016f33273e83a0751cd
/app/code/community/Lengow/Connector/Block/Adminhtml/Order/Renderer/Total.php|745cb1d906b433723940610b8fa4f077
/app/code/community/Lengow/Connector/Block/Adminhtml/Order/Tab.php|0969c3a77395ae578a65cef7f3308f7c
/app/code/community/Lengow/Connector/Block/Adminhtml/Product.php|75fa3ef68d340209af79ee9f9fa7f1ee
/app/code/community/Lengow/Connector/Block/Adminhtml/Log/Grid.php|4bc03e9f2b12530ec68805b2c7ad06b2
/app/code/community/Lengow/Connector/Block/Adminhtml/Product/Grid.php|17a316bb6fcda26f0bf82c55cd30da41
/app/code/community/Lengow/Connector/Block/Adminhtml/Product/Renderer/Lengow.php|7845de2eb8efbaf8e19c366457ccb3da
/app/code/community/Lengow/Connector/Block/Adminhtml/Order.php|55314d7fe2e2ae8e2ba4d2699d6c9a6b
/app/code/community/Lengow/Connector/Block/Adminhtml/Action.php|5c872975886f7bf6c87316193d6fecf8
/app/code/community/Lengow/Connector/Block/Adminhtml/Action/Grid.php|e34e61e2bd2624339b8de1b80961799f
/app/code/community/Lengow/Connector/Block/Adminhtml/Action/Renderer/Parameter.php|33535629579a66f34ccc8b27ecc72943
/app/code/community/Lengow/Connector/Block/Adminhtml/Action/Renderer/Status.php|a0b16e5b96f4e8b2dd42c9cf7623ade0
/app/code/community/Lengow/Connector/Block/Adminhtml/System/Config/Check.php|c5d1e04f4a2e47825a0795fd75752603
/app/code/community/Lengow/Connector/Block/Adminhtml/System/Config/Check/Point.php|1526f49ec94453a92655a0cc3368c856
/app/code/community/Lengow/Connector/Block/Adminhtml/System/Config/Edit.php|1054b3fb756b64e56ba9cbd5da982476
/app/code/community/Lengow/Connector/Block/Tag/Simple.php|73b54a379aff4cf35315c91d057382ff
/app/code/community/Lengow/Connector/Block/Tracker.php|a761b55210129bfebc71c083a9942579
/app/code/community/Lengow/Connector/Block/Payment/Info/Purchaseorder.php|ab166ba499ff7bd11e696a6384ef73a7
/app/code/community/Lengow/Connector/Helper/Sync.php|315d4336b39fc0c9f16f596773cf6dfa
/app/code/community/Lengow/Connector/Helper/Toolbox.php|9fcdecd779c78295e42b91b929a0d2e5
/app/code/community/Lengow/Connector/Helper/Import.php|fbc2a27f931c06777e28a71321121def
/app/code/community/Lengow/Connector/Helper/Config.php|b1ccf26a8012c51a0aeea959083fa0f8
/app/code/community/Lengow/Connector/Helper/Data.php|e09d351f9eccb090d5f87aa7862559d0
/app/code/community/Lengow/Connector/Helper/Translation.php|be31400436f85cda88b9570bd829626d
/app/code/community/Lengow/Connector/Helper/Security.php|53c5f9793e455ac9bc7352dbc167d512
/app/code/community/Lengow/Connector/Model/Log.php|30a06729ed4addb484e42ea9a7b05ea4
/app/code/community/Lengow/Connector/Model/Export/Catalog/Product.php|2d2830446dcd3aab86b4519e3226defb
/app/code/community/Lengow/Connector/Model/Export/Feed/Json.php|df7646391da87a65098b67521f6ffcb7
/app/code/community/Lengow/Connector/Model/Export/Feed/Csv.php|e6c544b4b0c3122990d09e1cba8fe384
/app/code/community/Lengow/Connector/Model/Export/Feed/Yaml.php|17282a7fd40c6a97a9a40b0c906ac2d0
/app/code/community/Lengow/Connector/Model/Export/Feed/Xml.php|e28c68a6acf596536e17dde38d9992c4
/app/code/community/Lengow/Connector/Model/Export/Feed/Abstract.php|1086ff4bb4256bfe8c74da1f64588e4d
/app/code/community/Lengow/Connector/Model/Import.php|d5744188aa3f618a5f024b32fe85e0f4
/app/code/community/Lengow/Connector/Model/Exception.php|09c961db2fc982057f9a2f5c008a796e
/app/code/community/Lengow/Connector/Model/Observer.php|18bbf9491ca0015f5d46cdf55f8a1dd3
/app/code/community/Lengow/Connector/Model/Config.php|0ac391a75c512cb5c2a54c871293a4a1
/app/code/community/Lengow/Connector/Model/Import/Ordererror.php|f3d1f6aba2a578a30100ffbb52cf69f5
/app/code/community/Lengow/Connector/Model/Import/Customer.php|98a7d46020a0e1224ddad5056824284c
/app/code/community/Lengow/Connector/Model/Import/Quote/Item.php|5521d8c40b796a2cbf4c495ea870b63b
/app/code/community/Lengow/Connector/Model/Import/Order.php|c779e2c8d445ce1a0bd14835d0f9d11e
/app/code/community/Lengow/Connector/Model/Import/Action.php|a7eb052119582e21413015f2fd6d0921
/app/code/community/Lengow/Connector/Model/Import/Importorder.php|251299d04c8fe38a0cc9a520530ded36
/app/code/community/Lengow/Connector/Model/Import/Marketplace.php|500fffb11f8ebfe48172d8dc32bef465
/app/code/community/Lengow/Connector/Model/Import/Orderline.php|022ada9d10d4429011b3d1d0aeecdcc4
/app/code/community/Lengow/Connector/Model/Import/Quote.php|4b2fb453009f037b2c0e040a2ae862cd
/app/code/community/Lengow/Connector/Model/Tracker.php|a911a314ac026e9d0d30765395b4b2a4
/app/code/community/Lengow/Connector/Model/Resource/Log.php|518d1491ef5aa9772245400f0061f1d5
/app/code/community/Lengow/Connector/Model/Resource/Log/Collection.php|b6d673c30c3b46ed79ad242071f58470
/app/code/community/Lengow/Connector/Model/Resource/Import/Ordererror.php|9b1be07cfa5e4c8572797af7c9359d14
/app/code/community/Lengow/Connector/Model/Resource/Import/Order/Collection.php|4e6018491d29fecc708b9399682046a9
/app/code/community/Lengow/Connector/Model/Resource/Import/Ordererror/Collection.php|fede74e0ae102b339da9453059456d7e
/app/code/community/Lengow/Connector/Model/Resource/Import/Order.php|e3ad3a72293ef02279e7584afdfaddbb
/app/code/community/Lengow/Connector/Model/Resource/Import/Action.php|fa64735b3c600a7d2e91a19f877c7800
/app/code/community/Lengow/Connector/Model/Resource/Import/Orderline.php|25efd1c23c70d52c31eb358281b5dded
/app/code/community/Lengow/Connector/Model/Resource/Import/Orderline/Collection.php|2a481cc827e980d11b9d570535d44a77
/app/code/community/Lengow/Connector/Model/Resource/Import/Action/Collection.php|d0e35af1a6106cbd8964999b2f3d158d
/app/code/community/Lengow/Connector/Model/Shipping/Carrier/Lengow.php|f0f92c0719ccf933ed35b394ab241e45
/app/code/community/Lengow/Connector/Model/Connector.php|2c412cfaa8ee7952ce6110b3504e0837
/app/code/community/Lengow/Connector/Model/Export.php|adc0f12a0af65f71d153d573437a6b37
/app/code/community/Lengow/Connector/Model/Payment/Method/Lengow.php|f533d9a3a26d50bd6c9df39223e5fdcf
/app/code/community/Lengow/Connector/Model/System/Config/Source/Attribute.php|f9731577408625b7e0d279f868f647fc
/app/code/community/Lengow/Connector/Model/System/Config/Source/Types.php|84f415f9114cffe7f55abf5190388063
/app/code/community/Lengow/Connector/Model/System/Config/Source/Tracking.php|b851f08211ae357fa692fc445ceb377b
/app/code/community/Lengow/Connector/Model/System/Config/Source/Group.php|7af9f76b1c4a439c30422112d6e81993
/app/code/community/Lengow/Connector/Model/System/Config/Source/Status.php|d8773f5de181ba1afc92719facb6975b
/app/code/community/Lengow/Connector/controllers/CronController.php|f934bc858d662e25e7f977c20577ad7a
/app/code/community/Lengow/Connector/controllers/Adminhtml/Lengow/HelpController.php|144173713a0592270bd20daa2af080cf
/app/code/community/Lengow/Connector/controllers/Adminhtml/Lengow/ToolboxController.php|a3417c1eb96d133c0cac07b195e50dca
/app/code/community/Lengow/Connector/controllers/Adminhtml/Lengow/ProductController.php|f208ac6282dbb5dc1b6d1afac03dc462
/app/code/community/Lengow/Connector/controllers/Adminhtml/Lengow/OrderController.php|83fc36652d0b9ca951fbdf32c43f7ba0
/app/code/community/Lengow/Connector/controllers/Adminhtml/Lengow/HomeController.php|5f60ba924c27574525f2c371ca9cec92
/app/code/community/Lengow/Connector/controllers/Adminhtml/Lengow/LogController.php|3d071cb893f1cf1b217943bbe1cf607a
/app/code/community/Lengow/Connector/controllers/Adminhtml/Lengow/LegalController.php|dee86a0b632ac0474ed0e1481e738473
/app/code/community/Lengow/Connector/controllers/FeedController.php|8e736c3dd0100b8a02812d3b691f34cb
/app/code/community/Lengow/Connector/etc/adminhtml.xml|e46753a2009cda1be0e8886291d995a7
/app/code/community/Lengow/Connector/etc/config.xml|c862bb2815dfa32fd2e487fbb4ef5dd9
/app/code/community/Lengow/Connector/etc/system.xml|7c4d160ba982b4b2fbd07d718cf11979
/app/code/community/Lengow/Connector/locale/en_GB.csv|30a3a2c497b9c6f078a34062dc90302a
/app/code/community/Lengow/Connector/locale/yml/en_GB.yml|3101c7f068c598d4eddbd8095f2f740d
/app/code/community/Lengow/Connector/locale/yml/de_DE.yml|9a47c7391c1c5557509c9ca31462da62
/app/code/community/Lengow/Connector/locale/yml/log.yml|35cce5b74055ebb74cc37798235a6a8c
/app/code/community/Lengow/Connector/locale/yml/fr_FR.yml|b48e480c27624a0a04a0d0d48bbb2cc2
/app/code/community/Lengow/Connector/locale/de_DE.csv|bab5ef9203c09c807c726b4c1b683cd6
/app/code/community/Lengow/Connector/locale/fr_FR.csv|5d70349477e3218bfb0e6f82734fc708
/app/code/community/Lengow/Connector/sql/lengow_connector_setup/mysql4-install-3.0.0.php|b7c82f82e63740fed6882f8ee20b496d
/app/design/adminhtml/default/default/template/lengow/check/point.phtml|080e06c3817d7f20293f8f37a87ad37d
/app/design/adminhtml/default/default/template/lengow/product/index.phtml|672abfc9b9b0a6590d9c8536b75dcd40
/app/design/adminhtml/default/default/template/lengow/toolbox/index.phtml|cf10d92f8d2f08df16362a8325c5f194
/app/design/adminhtml/default/default/template/lengow/home/status.phtml|26b62ccef7a8ea7e5ac22fce03dfcaaf
/app/design/adminhtml/default/default/template/lengow/home/new.phtml|194ccc2318a4dbcce9e11534ca6fee4a
/app/design/adminhtml/default/default/template/lengow/home/dashboard.phtml|8958aae7cf63d4b191353b2a1c2080b3
/app/design/adminhtml/default/default/template/lengow/footer.phtml|f69646338a68d789c4ac5371de72bc59
/app/design/adminhtml/default/default/template/lengow/legal/index.phtml|27da6ded27c687bcb6a4c020e8fba672
/app/design/adminhtml/default/default/template/lengow/order/index.phtml|5f10ea03b20202716a7bdb70dd63b572
/app/design/adminhtml/default/default/template/lengow/layout/legal.phtml|dee13c34ec6f1d1f40794fba73b13e09
/app/design/adminhtml/default/default/template/lengow/layout/order.phtml|8b006a9a5fe4d674c356c4f32f15432e
/app/design/adminhtml/default/default/template/lengow/layout/home.phtml|315912328b256a9ceb66ee0e5dea68af
/app/design/adminhtml/default/default/template/lengow/layout/help.phtml|dee13c34ec6f1d1f40794fba73b13e09
/app/design/adminhtml/default/default/template/lengow/layout/log.phtml|dee13c34ec6f1d1f40794fba73b13e09
/app/design/adminhtml/default/default/template/lengow/layout/product.phtml|374ee1634afd7e9c57487374e5c93039
/app/design/adminhtml/default/default/template/lengow/layout/toolbox.phtml|bb47e8d0093b3ee057b5b7cda0e25d12
/app/design/adminhtml/default/default/template/lengow/header.phtml|db188f9ad82728924068f1456ad53720
/app/design/adminhtml/default/default/template/lengow/sales/payment/info/purchaseorder.phtml|8e9e7a287ef57fe72023e28747fb0864
/app/design/adminhtml/default/default/template/lengow/sales/order/tab/info.phtml|1364447f0084b6e98469a205867e3f36
/app/design/adminhtml/default/default/template/lengow/help/index.phtml|84001dcb752d0e2ff75c97e3814e8486
/app/design/frontend/base/default/template/lengow/tracker/simpletag.phtml|b61773665fc31230011c7ffe99edfd0e
/app/design/frontend/base/default/template/lengow/tracker/tag.phtml|e488311ea7fa84d7649ce2cbae76fcba
/skin/adminhtml/default/default/lengow/images/lengow-blue.png|20c05b7249c00f126861223ecc5b6ce9
/skin/adminhtml/default/default/lengow/images/home-orders.png|db05b21ec6b166d844b42c0e807cb265
/skin/adminhtml/default/default/lengow/images/home-products.png|99ff45448ea094f8c70b58a0cd4d9303
/skin/adminhtml/default/default/lengow/images/picto-stats.png|05d7a5a536c9997f3cc4460835bb4a97
/skin/adminhtml/default/default/lengow/images/flag/FR.png|cc1fc719aa70170cf59aa97989f32fca
/skin/adminhtml/default/default/lengow/images/flag/SZ.png|cba65b0b5c6d94904dcba4f3150c5ca8
/skin/adminhtml/default/default/lengow/images/flag/LK.png|4af94d1108d1dbd3daee42e5d7027e73
/skin/adminhtml/default/default/lengow/images/flag/HN.png|e969c09f78ba886511b46ac692d9f204
/skin/adminhtml/default/default/lengow/images/flag/RS.png|6e44d2f1b54aeb9f6a470796c05307b8
/skin/adminhtml/default/default/lengow/images/flag/KZ.png|1944b754503564c281ce18e5902229e9
/skin/adminhtml/default/default/lengow/images/flag/AD.png|ca92647387865e00fd0128eea3c0b3f0
/skin/adminhtml/default/default/lengow/images/flag/YT.png|cc1fc719aa70170cf59aa97989f32fca
/skin/adminhtml/default/default/lengow/images/flag/ST.png|c879c939fdce2c819a2f80f1680580d2
/skin/adminhtml/default/default/lengow/images/flag/ME.png|b9d7ebeaa14eaf5c2132098e57ac3b3a
/skin/adminhtml/default/default/lengow/images/flag/JM.png|3d54284d8d3cb58632a152175cb42866
/skin/adminhtml/default/default/lengow/images/flag/KM.png|130b19dbbed58a2896335af73c1a7ff2
/skin/adminhtml/default/default/lengow/images/flag/TR.png|ae9e141ce534888b8b298f3a63d36e38
/skin/adminhtml/default/default/lengow/images/flag/NZ.png|c9eb80f47846f678803710fd86e4fb91
/skin/adminhtml/default/default/lengow/images/flag/TJ.png|725785afd7652b97fc79b9f9a2219759
/skin/adminhtml/default/default/lengow/images/flag/GD.png|2f520ce09043643b7252eb0ce75a3d0c
/skin/adminhtml/default/default/lengow/images/flag/DM.png|863a58ff3765e2285d6b2f519620640e
/skin/adminhtml/default/default/lengow/images/flag/CH.png|d3f7ffa92fc89d18ecf93a210dcbd046
/skin/adminhtml/default/default/lengow/images/flag/CA.png|959ca28fd07235ef971d3ea388c16397
/skin/adminhtml/default/default/lengow/images/flag/GI.png|ecfd4b85afd85b8bf8c531f8e6255cae
/skin/adminhtml/default/default/lengow/images/flag/MT.png|a31f908619bd13739d39dfca7d3900a4
/skin/adminhtml/default/default/lengow/images/flag/ZA.png|55dc8a9767f651d0c1f81dc47580f5d8
/skin/adminhtml/default/default/lengow/images/flag/YE.png|393dee2beda492bbdae758640b615561
/skin/adminhtml/default/default/lengow/images/flag/TW.png|6ae84dc3a37d433ee650f0089a8e8f4f
/skin/adminhtml/default/default/lengow/images/flag/JR.png|532ea8b20fa31e751d81f819d1e6774d
/skin/adminhtml/default/default/lengow/images/flag/CG.png|fd66daf57f1a96e802ba44b07ce712c8
/skin/adminhtml/default/default/lengow/images/flag/GQ.png|a3535b533b2af91719ba770f308ceb67
/skin/adminhtml/default/default/lengow/images/flag/LY.png|cc1fe9b7e51a1ffa91c5f79d26043a25
/skin/adminhtml/default/default/lengow/images/flag/PA.png|9407681f91e287935c4a7f987da34c63
/skin/adminhtml/default/default/lengow/images/flag/KI.png|da6b34f01691dfaaad7424078d741a6a
/skin/adminhtml/default/default/lengow/images/flag/PL.png|08b70dfd937f53fc448e084334df133d
/skin/adminhtml/default/default/lengow/images/flag/VE.png|60739b59a02254e88e103f154f434087
/skin/adminhtml/default/default/lengow/images/flag/PK.png|bb24b773e81e7daebc3ba3e263e67c20
/skin/adminhtml/default/default/lengow/images/flag/NL.png|f9da0a905e9fec2ff6a12d52b0bae61c
/skin/adminhtml/default/default/lengow/images/flag/BD.png|ea5f4a802e6b2969197551c64750b9a6
/skin/adminhtml/default/default/lengow/images/flag/CR.png|fb27f4596f9ac16b951e0f017dbeaa2b
/skin/adminhtml/default/default/lengow/images/flag/BZ.png|9481ccc9362b14353caa982b525793a8
/skin/adminhtml/default/default/lengow/images/flag/MZ.png|04cfeaaf203ceb1ffc56d95914956d3d
/skin/adminhtml/default/default/lengow/images/flag/BT.png|3d1dd6d51b8706976d8e52985f572dd1
/skin/adminhtml/default/default/lengow/images/flag/VN.png|8c03bf96d845425cda900ed4cf965193
/skin/adminhtml/default/default/lengow/images/flag/WF.png|cc1fc719aa70170cf59aa97989f32fca
/skin/adminhtml/default/default/lengow/images/flag/MX.png|4585eaa23399ff97b0edddebc9548733
/skin/adminhtml/default/default/lengow/images/flag/ER.png|098530d2dfadf464e46eeb7b67f88391
/skin/adminhtml/default/default/lengow/images/flag/SO.png|053a1a934a1e0e0e3c4b455c3a0bf1db
/skin/adminhtml/default/default/lengow/images/flag/MA.png|b9214415961f794af1034dab0cace3b3
/skin/adminhtml/default/default/lengow/images/flag/DZ.png|96aecc1300df553a35b3758e3ecfba3e
/skin/adminhtml/default/default/lengow/images/flag/TA.png|ecfd4b85afd85b8bf8c531f8e6255cae
/skin/adminhtml/default/default/lengow/images/flag/SX.png|f9da0a905e9fec2ff6a12d52b0bae61c
/skin/adminhtml/default/default/lengow/images/flag/QA.png|f38b2d29e8a446e5764d5258c8afd6eb
/skin/adminhtml/default/default/lengow/images/flag/NI.png|7f337fe073caff1ecb41acae6a9d1e3d
/skin/adminhtml/default/default/lengow/images/flag/PM.png|cc1fc719aa70170cf59aa97989f32fca
/skin/adminhtml/default/default/lengow/images/flag/LC.png|92badafa246492aed1cffb0bb913a21b
/skin/adminhtml/default/default/lengow/images/flag/KP.png|6b12eacf3bd315e433ba0b1eacf9d802
/skin/adminhtml/default/default/lengow/images/flag/CD.png|1a91773608e0dc37943f2e3b64e2fd74
/skin/adminhtml/default/default/lengow/images/flag/UG.png|2e03029719fda3470ee6263150a7466b
/skin/adminhtml/default/default/lengow/images/flag/MQ.png|cc1fc719aa70170cf59aa97989f32fca
/skin/adminhtml/default/default/lengow/images/flag/AF.png|49d77e12111afc3d4194ade2664d286f
/skin/adminhtml/default/default/lengow/images/flag/JO.png|30a9129bf6502226ba7fd9da08e4b35c
/skin/adminhtml/default/default/lengow/images/flag/BI.png|2bc04f56f098abfd22ec8dc9b4d25c6f
/skin/adminhtml/default/default/lengow/images/flag/SK.png|6bfe648618589d94ccad3c6e27aec692
/skin/adminhtml/default/default/lengow/images/flag/PF.png|cc1fc719aa70170cf59aa97989f32fca
/skin/adminhtml/default/default/lengow/images/flag/KN.png|73c41ac33b42de3aa30fca903333f7fb
/skin/adminhtml/default/default/lengow/images/flag/BA.png|0ca33f9b22f6317781e167a74843a19e
/skin/adminhtml/default/default/lengow/images/flag/TT.png|3dd6607f691fdc7244b08e30f9cb5266
/skin/adminhtml/default/default/lengow/images/flag/TL.png|e782b6cfd00d15f709104755f400a578
/skin/adminhtml/default/default/lengow/images/flag/MN.png|6b459e34b09e6eb540ca41ff45f5d978
/skin/adminhtml/default/default/lengow/images/flag/DO.png|7ca29ece3c9d65228080ba12e0be8940
/skin/adminhtml/default/default/lengow/images/flag/GN.png|37244e09a030931a398207bbed599818
/skin/adminhtml/default/default/lengow/images/flag/IT.png|42d6ced0776d3c3ea8295b704202ff44
/skin/adminhtml/default/default/lengow/images/flag/PG.png|e13e005b63bc30978dc3e4232623e8d1
/skin/adminhtml/default/default/lengow/images/flag/DK.png|4c8c04806671345cacfabbd0781aaa64
/skin/adminhtml/default/default/lengow/images/flag/MV.png|ba000bb35f554921cf272250f30c2e10
/skin/adminhtml/default/default/lengow/images/flag/HK.png|9e22cff886b227b7c66a7299cee60c4a
/skin/adminhtml/default/default/lengow/images/flag/GH.png|748acbf0e69a5b10243d3ef200d9ea7f
/skin/adminhtml/default/default/lengow/images/flag/BH.png|4c735715f2b57bf14008bc277ba43c51
/skin/adminhtml/default/default/lengow/images/flag/NA.png|17f102547f2ad6154227108af755dad2
/skin/adminhtml/default/default/lengow/images/flag/KE.png|ba0a3ef22e0a59d8db268ae25d4fcb77
/skin/adminhtml/default/default/lengow/images/flag/CN.png|9e22cff886b227b7c66a7299cee60c4a
/skin/adminhtml/default/default/lengow/images/flag/PY.png|47ba6b57d21f58b4e206251230b19ac8
/skin/adminhtml/default/default/lengow/images/flag/IC.png|6db63d7e4bee7add3ead8eb95c9668e8
/skin/adminhtml/default/default/lengow/images/flag/ZZ.png|737e91fb2b9da9e69ab2495a49cce79d
/skin/adminhtml/default/default/lengow/images/flag/BY.png|30eb3989b884d4aed254eef073a21e9f
/skin/adminhtml/default/default/lengow/images/flag/MS.png|ecfd4b85afd85b8bf8c531f8e6255cae
/skin/adminhtml/default/default/lengow/images/flag/CF.png|5f181e4dc309c220174c64376759a89a
/skin/adminhtml/default/default/lengow/images/flag/SH.png|ecfd4b85afd85b8bf8c531f8e6255cae
/skin/adminhtml/default/default/lengow/images/flag/GT.png|d4b7180e1da0f1f2baede267bec4d045
/skin/adminhtml/default/default/lengow/images/flag/MY.png|1e8b313da9168f9b03b235d2952e142b
/skin/adminhtml/default/default/lengow/images/flag/VU.png|cade21feef734a691c19396d4cacd4d4
/skin/adminhtml/default/default/lengow/images/flag/GA.png|334f0731d029c587625f0b7b98e6e17d
/skin/adminhtml/default/default/lengow/images/flag/MH.png|14bc97a69158b9c8b513b4b4adc6b861
/skin/adminhtml/default/default/lengow/images/flag/LU.png|b30b097b3f764af26f3fc551e10b62fa
/skin/adminhtml/default/default/lengow/images/flag/HU.png|aa1de41f497f81700e4bbf862e3454ee
/skin/adminhtml/default/default/lengow/images/flag/NR.png|0d5e83ccb1ccd3a8f02fc61acaa6e47b
/skin/adminhtml/default/default/lengow/images/flag/SG.png|f0f0bb2bf6639e472ef6ff90f9eaf0c7
/skin/adminhtml/default/default/lengow/images/flag/UA.png|01969d09f7817a4ed6b9f152123fd5fa
/skin/adminhtml/default/default/lengow/images/flag/BB.png|a0a004f000c7ea6ab8d150959ac8d3fe
/skin/adminhtml/default/default/lengow/images/flag/RE.png|cc1fc719aa70170cf59aa97989f32fca
/skin/adminhtml/default/default/lengow/images/flag/EE.png|9d2fe6fa37282535b72b5b4428e02a1d
/skin/adminhtml/default/default/lengow/images/flag/IS.png|e3afdbe32403f05ab6bed0acd8336604
/skin/adminhtml/default/default/lengow/images/flag/SL.png|262fe618a191d0d8a60bc364746d3c04
/skin/adminhtml/default/default/lengow/images/flag/SY.png|5f25bd15bf8a63c5f55b36a63ad029b5
/skin/adminhtml/default/default/lengow/images/flag/MK.png|a58f238f52c62e8eb54fa6d056c37d38
/skin/adminhtml/default/default/lengow/images/flag/RO.png|0701088a3c572a894daa458455c957f1
/skin/adminhtml/default/default/lengow/images/flag/TF.png|cc1fc719aa70170cf59aa97989f32fca
/skin/adminhtml/default/default/lengow/images/flag/KH.png|0ffb252a38a5001bd776633c7d294063
/skin/adminhtml/default/default/lengow/images/flag/TO.png|59a189738b32f9e766c913ed9296de03
/skin/adminhtml/default/default/lengow/images/flag/TZ.png|aeab49fe6ea2334ee06286245759f40a
/skin/adminhtml/default/default/lengow/images/flag/KY.png|ecfd4b85afd85b8bf8c531f8e6255cae
/skin/adminhtml/default/default/lengow/images/flag/MP.png|6c26816f5aaeae7d369b60fce14da9db
/skin/adminhtml/default/default/lengow/images/flag/CV.png|0e39eebc150f3825588ebd015b958372
/skin/adminhtml/default/default/lengow/images/flag/SS.png|83ab553ec6ed1454b5523b9bb5f9e4f9
/skin/adminhtml/default/default/lengow/images/flag/GW.png|9103e6399b262a7ad40a5d06e0ea8ecd
/skin/adminhtml/default/default/lengow/images/flag/OTHERS.png|ca92647387865e00fd0128eea3c0b3f0
/skin/adminhtml/default/default/lengow/images/flag/TH.png|04ae701cf5d13862c0badd8f931844b6
/skin/adminhtml/default/default/lengow/images/flag/FM.png|6ade62bece03f1d514fdbccdda641de1
/skin/adminhtml/default/default/lengow/images/flag/BF.png|80b84a563590f903257bfe44f1332870
/skin/adminhtml/default/default/lengow/images/flag/US.png|96becb321dbd9e9fab92cf6b3c9b5163
/skin/adminhtml/default/default/lengow/images/flag/HT.png|3dd1a60ae95e7348b00fa8c1bffd0258
/skin/adminhtml/default/default/lengow/images/flag/NE.png|fc09575c0fabcb08e083e2b25f8e4343
/skin/adminhtml/default/default/lengow/images/flag/AZ.png|eed74a4b4d1d9320554380ecd298c603
/skin/adminhtml/default/default/lengow/images/flag/JP.png|e6f8733f45d9c7ac9dcf834aba625cbb
/skin/adminhtml/default/default/lengow/images/flag/BO.png|4e5e360f3cfec693bddd39707f79254a
/skin/adminhtml/default/default/lengow/images/flag/IN.png|c1b8cf0460974ae1739a2f0ee72a0a36
/skin/adminhtml/default/default/lengow/images/flag/BJ.png|e0db6fe266bf66ddebe037bc574a930d
/skin/adminhtml/default/default/lengow/images/flag/PT.png|2e7c7be8522b84c10ac8c584c3932fab
/skin/adminhtml/default/default/lengow/images/flag/KG.png|aa27c4a8269656e2b7e22ee2782869fd
/skin/adminhtml/default/default/lengow/images/flag/BQ.png|f9da0a905e9fec2ff6a12d52b0bae61c
/skin/adminhtml/default/default/lengow/images/flag/AU.png|ab3991ad7489bf384fb5446222bb48c6
/skin/adminhtml/default/default/lengow/images/flag/CI.png|06b9dd31f9661b9a162857eef2f33cc2
/skin/adminhtml/default/default/lengow/images/flag/KW.png|04474a00fd44b8c39fcce5cb6f2b94f7
/skin/adminhtml/default/default/lengow/images/flag/TV.png|87b460b75260e3da93f06e56840a95b9
/skin/adminhtml/default/default/lengow/images/flag/VC.png|04d50353949376995d0ca8827fd35241
/skin/adminhtml/default/default/lengow/images/flag/ET.png|a8ccdaec951da596214f55351e1ce618
/skin/adminhtml/default/default/lengow/images/flag/SR.png|0a74189d8580fae462170f51fdfd5b9b
/skin/adminhtml/default/default/lengow/images/flag/MM.png|96647eab72c5fe93e4be84e1c5f3d7a7
/skin/adminhtml/default/default/lengow/images/flag/LB.png|a40045be63d6f413ff91c9b5867aa880
/skin/adminhtml/default/default/lengow/images/flag/RW.png|3c21dcfbee72c5a9229317ba9e3b9cdb
/skin/adminhtml/default/default/lengow/images/flag/NO.png|e3fa15f998178a590461f1fc6a0d2de8
/skin/adminhtml/default/default/lengow/images/flag/CO.png|e9239e0e2019b75b50908273696037a5
/skin/adminhtml/default/default/lengow/images/flag/MR.png|88251c8ae9701c1c130b51c206462216
/skin/adminhtml/default/default/lengow/images/flag/FI.png|6bfdcba08d5eac28c8b2f444d403fbd7
/skin/adminhtml/default/default/lengow/images/flag/CM.png|7944de5a7885828172fe267c5f0bd666
/skin/adminhtml/default/default/lengow/images/flag/BL.png|cc1fc719aa70170cf59aa97989f32fca
/skin/adminhtml/default/default/lengow/images/flag/GY.png|ab7cebdcd0f057c92edb1d92d4c45ed1
/skin/adminhtml/default/default/lengow/images/flag/ML.png|a902428bbc6d2e20381b5f4a58ffc750
/skin/adminhtml/default/default/lengow/images/flag/AO.png|835be1589972b119e2a3aea772e21a18
/skin/adminhtml/default/default/lengow/images/flag/SI.png|87f0819a7674137b062db99f7b888af7
/skin/adminhtml/default/default/lengow/images/flag/BG.png|aad68b8269f4c43558b53089c6e42d71
/skin/adminhtml/default/default/lengow/images/flag/GL.png|4c8c04806671345cacfabbd0781aaa64
/skin/adminhtml/default/default/lengow/images/flag/LS.png|424c47d3ce5111e4f646abcfafc652be
/skin/adminhtml/default/default/lengow/images/flag/DE.png|d8cd6c8e3fa88c3a5d71aade7691711d
/skin/adminhtml/default/default/lengow/images/flag/IL.png|ca066a0cb246da38676b6a4930b29971
/skin/adminhtml/default/default/lengow/images/flag/CZ.png|c29892cb415d8489c5e4024a867fe8b6
/skin/adminhtml/default/default/lengow/images/flag/DJ.png|5ddb0d34fd83107a3d83e18880fa0305
/skin/adminhtml/default/default/lengow/images/flag/IR.png|304c0bf838a4fbc343b85f2a0c252d1b
/skin/adminhtml/default/default/lengow/images/flag/MD.png|2b7d7b14d52f8fe8d800c000f2ddd0a9
/skin/adminhtml/default/default/lengow/images/flag/PS.png|f9f7ff5e3c9d12173aca821154719f7e
/skin/adminhtml/default/default/lengow/images/flag/IQ.png|e80063e93b8c7a79490dfcfae80b6aae
/skin/adminhtml/default/default/lengow/images/flag/HR.png|24cb403f2615ba725761dfbbcb843cfa
/skin/adminhtml/default/default/lengow/images/flag/UY.png|bb2ddc17d73acbc625c0ec8ab5ff51c4
/skin/adminhtml/default/default/lengow/images/flag/UM.png|6c26816f5aaeae7d369b60fce14da9db
/skin/adminhtml/default/default/lengow/images/flag/LA.png|73e8e91f8cec75bc2cb582effb937212
/skin/adminhtml/default/default/lengow/images/flag/KR.png|26ddd3e45a9a097d781fd1c9cfddc468
/skin/adminhtml/default/default/lengow/images/flag/AE.png|ea9875d8e8afafed9f07e63e7fae0b3d
/skin/adminhtml/default/default/lengow/images/flag/RU.png|784a2a8638e99ff3e7d229be90b4f420
/skin/adminhtml/default/default/lengow/images/flag/TN.png|fb43183a6891caf1600763cb51cde4a5
/skin/adminhtml/default/default/lengow/images/flag/TG.png|e2cf3a5f662ba166b85bf7a224d9ded9
/skin/adminhtml/default/default/lengow/images/flag/MG.png|1d31e4ce165056179bbe39248a7170cc
/skin/adminhtml/default/default/lengow/images/flag/OM.png|03760a212630cc7c0e5471df8281355e
/skin/adminhtml/default/default/lengow/images/flag/NP.png|3885515ee4827a6d374e0bbcc3ddaaef
/skin/adminhtml/default/default/lengow/images/flag/AM.png|3461136703e8e2b5dffe869e3e086ce1
/skin/adminhtml/default/default/lengow/images/flag/AT.png|d94ad12cbb42e07163dad620027b3a80
/skin/adminhtml/default/default/lengow/images/flag/ID.png|85754149e4307e821f27c80389263d6e
/skin/adminhtml/default/default/lengow/images/flag/AX.png|6bfdcba08d5eac28c8b2f444d403fbd7
/skin/adminhtml/default/default/lengow/images/flag/SM.png|ad4c6e282255da7434889bd83a069286
/skin/adminhtml/default/default/lengow/images/flag/SD.png|fa421effd81aa5f626083d0b2474853b
/skin/adminhtml/default/default/lengow/images/flag/XK.png|6d8d386104193e251f4c3077e5bf5d3b
/skin/adminhtml/default/default/lengow/images/flag/PW.png|b5ae6117e7e8c6c506f4ec2bed045e33
/skin/adminhtml/default/default/lengow/images/flag/ZW.png|7d535d7ed7bb8fad8684610d869c4058
/skin/adminhtml/default/default/lengow/images/flag/SV.png|7f337fe073caff1ecb41acae6a9d1e3d
/skin/adminhtml/default/default/lengow/images/flag/CL.png|6e05e10bbad0945a6a0ac4f72de351bd
/skin/adminhtml/default/default/lengow/images/flag/LV.png|48efa49e2a85e9c077be41542ad17a1a
/skin/adminhtml/default/default/lengow/images/flag/BW.png|5fb1b531e34de1e246560f3a9defefe2
/skin/adminhtml/default/default/lengow/images/flag/MC.png|85754149e4307e821f27c80389263d6e
/skin/adminhtml/default/default/lengow/images/flag/PH.png|38df9e3c0944ffe4d5b015be95793be5
/skin/adminhtml/default/default/lengow/images/flag/SE.png|b8e45aecfb0ad66627b731f7d5fee095
/skin/adminhtml/default/default/lengow/images/flag/MO.png|9e22cff886b227b7c66a7299cee60c4a
/skin/adminhtml/default/default/lengow/images/flag/UZ.png|9cd7f3e20f89d37e4a2854f30622d27a
/skin/adminhtml/default/default/lengow/images/flag/FJ.png|dabe04af951004527f0b1094cfd218d1
/skin/adminhtml/default/default/lengow/images/flag/AR.png|2c0793e851675c4178e6c623bedada68
/skin/adminhtml/default/default/lengow/images/flag/SC.png|59f0b2fdc9c66ca24e723225fea73c3f
/skin/adminhtml/default/default/lengow/images/flag/GE.png|6ece075c9a93ba4cabbd65f015fa91b3
/skin/adminhtml/default/default/lengow/images/flag/LR.png|88412f2e2d5322bdd1d10f011fda38e3
/skin/adminhtml/default/default/lengow/images/flag/BE.png|a538d77b0d0e599095ca6db2ada1c2f3
/skin/adminhtml/default/default/lengow/images/flag/SJ.png|e3fa15f998178a590461f1fc6a0d2de8
/skin/adminhtml/default/default/lengow/images/flag/TD.png|c09a11652d7215dbbb86b9f2e08e1eaa
/skin/adminhtml/default/default/lengow/images/flag/LT.png|6a8428cf97967d9726f9a78277fec777
/skin/adminhtml/default/default/lengow/images/flag/MU.png|026a9a35bf226c5466e85912d37c80ec
/skin/adminhtml/default/default/lengow/images/flag/IM.png|9a71aa37ec75db5858d66cf3a9a943f4
/skin/adminhtml/default/default/lengow/images/flag/PR.png|587404b281120855ff304375851e3793
/skin/adminhtml/default/default/lengow/images/flag/ZM.png|90feb476b1cf845ec389074f32585c34
/skin/adminhtml/default/default/lengow/images/flag/PE.png|2213daa82fbd4344c53ed14272064ed3
/skin/adminhtml/default/default/lengow/images/flag/AG.png|3e96767508f891bee4e18b0879197059
/skin/adminhtml/default/default/lengow/images/flag/GP.png|cc1fc719aa70170cf59aa97989f32fca
/skin/adminhtml/default/default/lengow/images/flag/EC.png|061930954ddd6fb786cd4060f0876fce
/skin/adminhtml/default/default/lengow/images/flag/BR.png|8f5c8e3aec893ab67e226a15db7cf0c0
/skin/adminhtml/default/default/lengow/images/flag/GR.png|1490aa27b7e0f14ac0757139cf3804fa
/skin/adminhtml/default/default/lengow/images/flag/TM.png|58f31979cd5840ed53c4c0244226ad88
/skin/adminhtml/default/default/lengow/images/flag/GM.png|d5273ab5a2bb48c0678db55894849363
/skin/adminhtml/default/default/lengow/images/flag/VA.png|14a0946355567991035d1c4a235b7890
/skin/adminhtml/default/default/lengow/images/flag/GB.png|ecfd4b85afd85b8bf8c531f8e6255cae
/skin/adminhtml/default/default/lengow/images/flag/BS.png|9bd57b913f78269f420d06006adc4881
/skin/adminhtml/default/default/lengow/images/flag/SA.png|fa0d37fefbcb03be08a96ff39c35e9fb
/skin/adminhtml/default/default/lengow/images/flag/WS.png|dbfe225a535339b992abd582c9e69037
/skin/adminhtml/default/default/lengow/images/flag/CY.png|eb2365a3603d60aff08f3c50cc87f249
/skin/adminhtml/default/default/lengow/images/flag/SB.png|bf3795be21421952a58ca2039aaaf5b5
/skin/adminhtml/default/default/lengow/images/flag/LI.png|ba8539c6542d4d7e443a10f91bea414c
/skin/adminhtml/default/default/lengow/images/flag/SN.png|1a524290e23411b9f33e2e4426cb2d40
/skin/adminhtml/default/default/lengow/images/flag/EG.png|22e30f3af14155502c2f4a4819bcf799
/skin/adminhtml/default/default/lengow/images/flag/IE.png|6882a56174318552db95a58dc4bc295c
/skin/adminhtml/default/default/lengow/images/flag/GF.png|cc1fc719aa70170cf59aa97989f32fca
/skin/adminhtml/default/default/lengow/images/flag/NG.png|bd9daa305a8a954cffaff6649a464b5d
/skin/adminhtml/default/default/lengow/images/flag/ES.png|6db63d7e4bee7add3ead8eb95c9668e8
/skin/adminhtml/default/default/lengow/images/flag/NC.png|cc1fc719aa70170cf59aa97989f32fca
/skin/adminhtml/default/default/lengow/images/flag/AL.png|5d34661c52bbda24fb4a49adf5ef82a0
/skin/adminhtml/default/default/lengow/images/flag/BN.png|54fbed23e5e0467e10530f00e5a53d8a
/skin/adminhtml/default/default/lengow/images/flag/MW.png|eaadfcd54efd99816aa1e98cde55b48a
/skin/adminhtml/default/default/lengow/images/flag/CU.png|4ba302408d9eddb58f79ef741668bf3b
/skin/adminhtml/default/default/lengow/images/lengow-white-big.png|6e6178f2db21104a157aebb27f9a5ca2
/skin/adminhtml/default/default/lengow/images/home-settings.png|4f7751e943137d3c10b71da358f7b1d7
/skin/adminhtml/default/default/lengow/css/lengow-components.css|5a2178b680fd66790fa6fc4b0717dc4c
/skin/adminhtml/default/default/lengow/css/font-awesome.css|bf4b58c946c9234e4a6b9f7a70d38006
/skin/adminhtml/default/default/lengow/css/lengow-layout.css|f395f55a6b14f80add59079c0f9836ef
/skin/adminhtml/default/default/lengow/css/lengow-pages.css|6e1654fb317a44b26fa4a77fe30da4d8
/skin/adminhtml/default/default/lengow/fonts/fontawesome-webfont.ttf|a3de2170e4e9df77161ea5d3f31b2668
/skin/adminhtml/default/default/lengow/fonts/Lato-LightItalic.ttf|3d747d8bf464744eecb91556d86de11b
/skin/adminhtml/default/default/lengow/fonts/fontawesome-webfont.woff|a35720c2fed2c7f043bc7e4ffb45e073
/skin/adminhtml/default/default/lengow/fonts/Lato-Light.ttf|5b761f2d1e4259ea6ac7ab3ebf7f3c49
/skin/adminhtml/default/default/lengow/fonts/OpenSans-Regular.ttf|629a55a7e793da068dc580d184cc0e31
/skin/adminhtml/default/default/lengow/fonts/fontawesome-webfont.woff2|db812d8a70a4e88e888744c1c9a27e89
/skin/adminhtml/default/default/lengow/fonts/Lato-BoldItalic.ttf|1ba4767ee37aab7e8d34fc339c3538cc
/skin/adminhtml/default/default/lengow/fonts/FontAwesome.otf|87d8ca3ddc57e7d2da6226e480f90457
/skin/adminhtml/default/default/lengow/fonts/fontawesome-webfont.svg|f775f9cca88e21d45bebe185b27c0e5b
/skin/adminhtml/default/default/lengow/fonts/Lato-Bold.ttf|44dfe8cc676882243911a3197a50169e
/skin/adminhtml/default/default/lengow/fonts/fontawesome-webfont.eot|32400f4e08932a94d8bfd2422702c446
/skin/adminhtml/default/default/lengow/fonts/Lato-Italic.ttf|56c4cb26fd6a48b9c0ebcc07b376ee38
/skin/adminhtml/default/default/lengow/fonts/Lato-Regular.ttf|7f690e503a254e0b8349aec0177e07aa
/skin/adminhtml/default/default/lengow/js/jquery-2.2.2.js|1d35678c5edbb639ab7aa5cce0856f57
/skin/adminhtml/default/default/lengow/js/home.js|b8a72a295642aa98652ebb8273c0950f
/skin/adminhtml/default/default/lengow/js/order.js|ae516863dae6a3b3e46f438a5ebaefc5
/skin/adminhtml/default/default/lengow/js/toolbox.js|3dda41ffd4db10d49754d1e4785a31f5
/skin/adminhtml/default/default/lengow/js/noconflict.js|0471665ee04a2c68f993899eb8affe25
/skin/adminhtml/default/default/lengow/js/product.js|97edf66b5c11c5de6a49d79a0572731a
